140,American Veterinary Medical Association (AVMA),14001,Accredited by the American Veterinary Medical Association (AVMA).,https://www.avma.org/ProfessionalDevelopment/Education/Accreditation/Colleges/Pages/default.aspx
001,Architects Registration Board (ARB),00101,Accredited by the Architects Registration Board (ARB) for the purpose of eligibility for registration with that body.,http://www.arb.org.uk/student
001,Architects Registration Board (ARB),00102,Accredited by the Architects Registration Board (ARB) for the purpose of a Part 1 qualification.,http://www.arb.org.uk/student
001,Architects Registration Board (ARB),00103,Accredited by the Architects Registration Board (ARB) for the purpose of a Part 2 qualification.,http://www.arb.org.uk/student
001,Architects Registration Board (ARB),00104,Accredited by the Architects Registration Board (ARB) for the purpose of a Part 3 qualification.,http://www.arb.org.uk/student
002,Archives and Records Association (ARA),00201,Accredited by the Archives and Records Association (ARA) for the purpose of eligibility for registration with that body.,http://www.archives.org.uk/training/registration-scheme.html
003,Association for Nutrition (AfN),00301,Accredited by the Association for Nutrition (AfN) for the purpose of eligibility for Direct Entry Registration at Associate Level with the UK Voluntary Register of Nutritionists (UKVRN).,http://www.associationfornutrition.org
003,Association for Nutrition (AfN),00302,"Certified by the Association for Nutrition (AfN) as meeting AfN Standards for Course Certification for the purpose of enhancing the competence of those who give nutrition information to the public, leading to eligibility for AfN Certificate of Nutrition Competence.",http://www.associationfornutrition.org
004,Association for Project Management (APM),00401,Accredited by the Association for Project Management (APM).,http://www.apm.org.uk/acadaccreditation
163,Association for the Study of Animal Behaviour (ASAB),16301,Accredited by the Association for the Study of Animal Behaviour (ASAB) for the purpose of fulfilling the educational requirements for certification.,http://asab.nottingham.ac.uk/accred/index.php
005,Association of Accounting Technicians (AAT),00501,Accredited by the Association of Accounting Technicians (AAT) for the purpose of eligibility to apply for full membership with that body.,http://www.aat.org.uk/membership/maat-full-membership/joining-aat-from-a-partner-university
141,Association of Building Engineers (ABE),14101,Accredited by the Association of Building Engineers (ABE).,http://www.abe.org.uk/learning/accredited-universities/
006,Association of Chartered Certified Accountants (ACCA),00601,Accredited by the Association of Chartered Certified Accountants (ACCA) for the purpose of exemptions from some professional examinations.,http://www.accaglobal.com/en/qualifications/apply-now/exemptions.html
007,Association of International Accountants (AIA),00701,Accredited by the Association of International Accountants (AIA) for the purpose of exemption from some professional examinations.,http://www.aiaworldwide.com/accountancy/exemptions.html
008,Association of MBAs (AMBA),00801,Accredited by the Association of MBAs (AMBA).,http://www.mbaworld.com/accreditation/home
009,Association to Advance Collegiate Schools of Business (AACSB),00901,Accredited by the Association to Advance Collegiate Schools of Business (AACSB).,http://www.aacsb.edu/aacsb-Accredited/students/
164,Bar Standards Board,16401,Accredited by the Bar Standards Board for the purpose of a Qualifying Law Degree.,https://www.barstandardsboard.org.uk/qualifying-as-a-barrister/academic-stage/
011,"BCS, the Chartered Institute for IT",01101,"Accredited by BCS, the Chartered Institute for IT for the purposes of fully meeting the academic requirement for registration as a Chartered IT Professional.",http://www.bcs.org/accredited
011,"BCS, the Chartered Institute for IT",01102,"Accredited by BCS, the Chartered Institute for IT for the purposes of fully meeting the further learning academic requirement for registration as a Chartered IT Professional.",http://www.bcs.org/accredited
011,"BCS, the Chartered Institute for IT",01103,"Accredited by BCS, the Chartered Institute for IT for the purposes of partially meeting the academic requirement for registration as a Chartered IT Professional.",http://www.bcs.org/accredited
011,"BCS, the Chartered Institute for IT",01104,"Accredited by BCS, the Chartered Institute for IT on behalf of the Engineering Council for the purposes of fully meeting the academic requirement for registration as a Chartered Engineer.",http://www.engc.org.uk/education--skills/accreditation/information-for-students
011,"BCS, the Chartered Institute for IT",01105,"Accredited by BCS, the Chartered Institute for IT on behalf of the Engineering Council for the purposes of fully meeting the academic requirement for Incorporated Engineer and partially meeting the academic requirement for a Chartered Engineer.",http://www.engc.org.uk/education--skills/accreditation/information-for-students
011,"BCS, the Chartered Institute for IT",01106,"Accredited by BCS, the Chartered Institute for IT on behalf of the Science Council for the purposes of fully meeting the academic requirement for registration as a Chartered Scientist.",http://www.bcs.org/accredited
011,"BCS, the Chartered Institute for IT",01107,"Accredited by BCS, the Chartered Institute for IT on behalf of the Science Council for the purposes of partially meeting the academic requirement for registration as a Chartered Scientist.",http://www.bcs.org/accredited
011,"BCS, the Chartered Institute for IT",01108,"Accredited by BCS, the Chartered Institute for IT on behalf of the Engineering Council for the purposes of fully meeting the academic requirement for registration as an Incorporated Engineer.",http://www.engc.org.uk/education--skills/accreditation/information-for-students
011,"BCS, the Chartered Institute for IT",01109,"Accredited by BCS, the Chartered Institute for IT on behalf of the Engineering Council for the purposes of partially meeting the academic requirement for registration as an Incorporated Engineer.",http://www.engc.org.uk/education--skills/accreditation/information-for-students
012,Board of Quantity Surveyors Malaysia (BQSM),01201,Accredited by the Board of Quantity Surveyors Malaysia (BQSM) for the purpose of eligibility for registration with that body.,http://www.bqsm.gov.my/index.php?option=com_content&view=article&id=106&Itemid=455&lang=en
013,British Acupuncture Accreditation Board (BAAB),01301,Accredited by the British Acupuncture Accreditation Board (BAAB) for the purpose of British Acupuncture Council (BAcC) membership.,http://baab.co.uk/study-acupuncture/Accredited-courses.html
014,British Association for Counselling & Psychotherapy (BACP),01401,Accredited by the British Association for Counselling & Psychotherapy (BACP).,http://www.bacp.co.uk/accreditation/
016,British Association of Lecturers in English for Academic Purposes (BALEAP),01601,Accredited by the British Association of Lecturers in English for Academic Purposes (BALEAP).,http://www.baleap.org.uk/accreditation/scheme
018,British Association of Sport and Exercise Science (BASES),01801,Recognised by the British Association of Sport and Exercise Sciences (BASES) for the purposes of endorsement by the BASES Undergraduate Endorsement Scheme (BUES),http://www.bases.org.uk/Undergraduate-Endorsement-Scheme-BUES
142,British Association of Sport Rehabilitators and Trainers (BASRaT),14201,Recognised by the British Association of Sport Rehabilitators and Trainers (BASRaT) for the purpose of Graduate Membership.,http://www.basrat.org/eligibility.asp
165,British Dietetic Association (BDA),16501,Accredited by the British Dietetic Association (BDA) for the purpose of qualifying as a dietician.,http://bda.uk.com/careers/courses.html
019,British Dyslexia Association (BDA),01901,Accredited by the British Dyslexia Association (BDA).,http://www.bdadyslexia.org.uk/quality-mark-and-accreditation.html
143,British Institute of Professional Photography (BIPP),14301,Accredited by the British Institute of Professional Photography (BIPP) ,http://www.bipp.com/Default.aspx?tabid=95
166,British Kinematograph Sound and Television Society (BKSTS),16601,Accredited by the British Kinematograph Sound and Television Society (BKSTS).,http://www.bkstsaccreditation.com/accreditation%20information.html
020,British Psychological Society (BPS),02001,Accredited by the British Psychological Society (BPS) for the purpose of eligibility to apply for the Graduate Basis for Chartered Membership (GBC).,http://www.bps.org.uk/careers-education-training/Accredited-courses-training-programmes/Accredited-courses-training-progra
021,Broadcast Journalism Training Council (BJTC),02101,Accredited by the Broadcasting Journalism Training Council (BJTC).,http://www.bjtc.org.uk/
022,Care Council for Wales,02201,Approved by the Care Council for Wales for the purpose of qualifying as a social worker.,http://www.ccwales.org.uk/social-work-degree/
023,Chartered Accountants Ireland,02301,Accredited by Chartered Accountants Ireland for the purpose of exemption from some professional exams.,http://students.charteredaccountants.ie/Student-Information/Courses/Exemptions/
024,Chartered Financial Analyst Institute (CFA),02401,Recognised by the Chartered Financial Analyst Institute (CFA).,http://www.cfainstitute.org/partners/university/Pages/recognition_program_for_universities.aspx
025,Chartered Institute for Securities and Investment (CISI),02501,Accredited by the Chartered Institute for Securities and Investment (CISI) for the purpose of eligibility to apply for associate membership with that body.,http://www.cisi.org/bookmark/genericform.aspx?form=29848780&URL=mgrade
167,Chartered Institute for the Management of Sport and Physical Activity (CIMSPA),16701,Accredited by the Chartered Institute for the Management of Sport and Physical Activity (CIMSPA) for the purpose of eligibility to apply for associate level membership.,http://www.cimspa.co.uk/en/membership/personal-membership/associatemember.cfm
026,Chartered Institute of Arbitrators (CIArb),02601,Recognised by the Chartered Institute of Arbitrators (CIArb) for the purpose of exemption from some professional exams.,http://www.ciarb.org/education-and-training/008-exemptions/
027,Chartered Institute of Architectural Technologists (CIAT),02701,Accredited by the Chartered Institute of Architectural Technologists (CIAT) for the purpose of exemptions from parts of the professional qualification when progressing to Chartered status.,http://www.ciat.org.uk/en/careers/Accredited_degrees.cfm
028,Chartered Institute of Building (CIOB),02801,Accredited by the Chartered Institute of Building (CIOB) for the purpose of exemption from some professional exams.,http://www.ciob.org.uk/education/accreditation
185,Chartered Institute of Ecology and Environmental Management (CIEEM),18501,Accredited by the Chartered Institute of Ecology and Environmental Management (CIEEM).,http://www.cieem.net/accreditation
029,Chartered Institute of Environmental Health (CIEH),02901,Accredited by the Chartered Institute of Environmental Health (CIEH) for the purpose of partially meeting the requirements for registration as an Environmental Health Practitioner with the Environmental Health Registration Board,http://www.ehrb.co.uk/about_us.html
030,Chartered Institute of Highways & Transportation (CIHT),03001,Accredited by the Chartered Institution of Highways and Transportation (CIHT) on behalf of the Engineering Council for the purposes of fully meeting the academic requirement for registration as a Chartered Engineer,http://www.engc.org.uk/education--skills/accreditation/information-for-students
030,Chartered Institute of Highways & Transportation (CIHT),03002,Accredited by the Chartered Institution of Highways and Transportation (CIHT) on behalf of the Engineering Council for the purposes of fully meeting the academic requirement for registration as an Incorporated Engineer and partly meeting the academic requirement for registration as a Chartered Engineer.,http://www.engc.org.uk/education--skills/accreditation/information-for-students
030,Chartered Institute of Highways & Transportation (CIHT),03003,Accredited by the Chartered Institution of Highways and Transportation (CIHT) on behalf of the Engineering Council for the purposes of fully meeting the academic requirement for registration as an Incorporated Engineer.,http://www.engc.org.uk/education--skills/accreditation/information-for-students
031,Chartered Institute of Housing (CIH),03101,Accredited by the Chartered Institute of Housing (CIH) for the purpose of eligibility to apply for Chartered Membership with that body.,http://www.cih.co.uk/
032,Chartered Institute of Library and Information Professionals (CILIP),03201,Accredited by the Chartered Institute of Library and Information Professionals (CILIP) to assure students that programmes provide an excellent preparation for professional practice.,http://www.cilip.org.uk/jobs-careers/qualifications/accreditation/pages/default.aspx
033,Chartered Institute of Logistics and Transport (CILT),03301,Accredited by the Chartered Institute of Logistics and Transport (CILT).,http://www.ciltuk.org.uk/Qualifications/Areyoulookingtostudy.aspx
034,Chartered Institute of Management Accountants (CIMA),03401,Accredited by the Chartered Institute of Management Accountants (CIMA) for the purpose of exemption from some professional examinations through the Accredited degree accelerated route.,http://www.cimaglobal.com/Study-with-us/Exemptions/
034,Chartered Institute of Management Accountants (CIMA),03402,Accredited by the Chartered Institute of Management Accountants (CIMA) for the purpose of exemption from all professional examinations through the Accredited degree accelerated route.,http://www.cimaglobal.com/Study-with-us/Exemptions/
035,Chartered Institute of Marketing (CIM),03501,Accredited by the Chartered Institute of Marketing (CIM) for the purpose of gaining CIM qualifications through the Multi-Award Pathway (MAP).,http://www.cim.co.uk/Learn/Partnerships/Dualawards.aspx
036,Chartered Institute of Personnel and Development (CIPD),03601,Accredited by the Chartered Institute of Personnel and Development (CIPD).,http://www.cipd.co.uk/qualifications/default.aspx
037,Chartered Institute of Public Finance & Accountancy (CIPFA),03701,Accredited by the Chartered Institute of Public Finance and Accountancy (CIPFA) for the purpose of exemption from some professional examinations. ,http://www.cipfa.org/Training-and-Qualifications/Current-students/Exemptions
038,Chartered Institute of Public Relations (CIPR),03801,Recognised by the Chartered Institute of Public Relations (CIPR).,http://www.cipr.co.uk/content/training-qualifications/cipr-recognised-courses/course-lists/current-cipr-recognised-courses
039,Chartered Institute of Purchasing and Supply (CIPS),03901,Accredited by the Chartered Institute of Purchasing and Supply (CIPS) for the purpose of exemptions from some professional examinations.,http://www.cips.org/Qualifications/About-CIPS-Qualifications/exemptions/
040,Chartered Institution of Building Services Engineers (CIBSE),04001,Accredited by the Chartered Institute of Building Services Engineers (CIBSE) on behalf of the Engineering Council for the purposes of fully meeting the academic requirement for registration as a Chartered Engineer,http://www.engc.org.uk/education--skills/accreditation/information-for-students
040,Chartered Institution of Building Services Engineers (CIBSE),04002,Accredited by the Chartered Institute of Building Services Engineers (CIBSE) on behalf of the Engineering Council for the purposes of fully meeting the academic requirement for registration as an Incorporated Engineer and partly meeting the academic requirement for registration as a Chartered Engineer.,http://www.engc.org.uk/education--skills/accreditation/information-for-students
040,Chartered Institution of Building Services Engineers (CIBSE),04003,Accredited by the Chartered Institute of Building Services Engineers (CIBSE) on behalf of the Engineering Council for the purposes of fully meeting the academic requirement for registration as an Incorporated Engineer.,http://www.engc.org.uk/education--skills/accreditation/information-for-students
144,Chartered Institution of Civil Engineering Surveyors (CICES),14401,Accredited by the Chartered Institution of Civil Engineering Surveyors (CICES) for the purpose of eligibility to apply for Graduate Membership,http://www.cices.org/courses.html
041,Chartered Institution of Wastes Management (CIWM),04101,Accredited by the Chartered Institution of Wastes Management (CIWM) for the purpose of eligibility to apply for Graduate level membership.,http://www.ciwm.co.uk/CIWM/Membership/ClassesAndFees/Classes_of_membership.aspx
042,Chartered Institution of Water and Environmental Management (CIWEM),04201,Accredited by the Chartered Institution of Water and Environmental Management (CIWEM) for the purpose of  eligibility to apply for Associate level membership.,http://www.ciwem.org/membership/apply-for-membership/associate-aciwem.aspx
043,Chartered Insurance Institute (CII),04301,Accredited by the Chartered Insurance Institute (CII) for the purpose of some exemptions from professional examinations.,http://www.cii.co.uk/about/accreditation-services/accreditation-schemes-for-individuals/recognition-of-prior-learning/
044,Chartered Management Institute (CMI),04401,Accredited by the Chartered Management Institute (CMI).,http://www.managers.org.uk/training-development-qualifications/organisational-development/accreditation-qualifications
045,Chartered Society of Designers (CSD),04501,Accredited by the Chartered Society of Designers (CSD) the professional body for design with free student membership and leading to Associate Membership (Assoc. CSD),http://www.csd.org.uk/index.aspx?id=181 
045,Chartered Society of Designers (CSD),04502,Recognised by the Chartered Society of Designers (CSD) the professional body for design with free student membership,http://www.csd.org.uk/index.aspx?id=182
046,Chartered Society of Physiotherapy (CSP),04601,Endorsed by the Chartered Society of Physiotherapy (CSP).,http://www.csp.org.uk/professional-union/careers-development/career-development/courses/endorsed
154,"Church of Scotland, the",15401,Accredited by the Church of Scotland,http://www.churchofscotland.org.uk
017,College of Occupational Therapists (COT),01701,Accredited by the College of Occupational Therapists (COT) for the purpose of ensuring graduates are fit for the profession.,http://www.cot.co.uk/become-ot
047,College of Operating Department Practitioners (CODP),04701,Accredited by the College of Operating Department Practitioners (CODP).,http://www.codp.org.uk/signup.php
155,"College of Optometrists, the (Copt)",15501,Accredited by the College of Optometrists (Copt) for the purpose of eligibility for registration as an Optometrist.,http://www.college-optometrists.org/en/qualifying-as-an-optometrist/at-university-/university_contacts.cfm
182,"College of Podiatry, the",18201,Accredited by the College of Podiatry.,http://www.scpod.org/
168,COSCA (Counselling and Psychotherapy in Scotland),16801,Validated by COSCA (Counselling and Psychotherapy in Scotland).,http://www.cosca.org.uk/new_documents.php?headingno=40&heading=Validation%20-%20General
169,Council for Dance Education and Training (CDET),16901,Accredited by the Council for Dance Education and Training (CDET).,http://www.cdet.org.uk/professional-training/Accredited-schools/
131,Creative Skillset,13101,"This course is recognised by Creative Skillset, Sector Skills Council and carries the Creative Skillset Tick for the purposes of indicating courses best suited to prepare for a Creative Industries career.",http://courses.creativeskillset.org/pick_the_tick_degree_courses
107,Drama UK,10701,Accredited by Drama UK.,http://www.dramauk.co.uk/quality-assurance
107,Drama UK,10702,Recognised by Drama UK.,http://www.dramauk.co.uk/quality-assurance
170,Education and Training Standards Committee Wales,17001,Endorsed by the Education and Training Standards Committee Wales (JNC Recognised) for the purpose of professional qualification.,http://www.etswales.org.uk/index.cfm?articleid=5142
070,Education Scotland,07001,Accredited by Education Scotland.,http://www.educationscotland.gov.uk/about/index.asp
051,Energy Institute (EI),05101,Accredited by the Energy Institute (EI) on behalf of the Engineering Council for the purposes of fully meeting the academic requirement for registration as a Chartered Engineer.,http://www.engc.org.uk/education--skills/accreditation/information-for-students
051,Energy Institute (EI),05102,Accredited by the Energy Institute (EI) on behalf of the Engineering Council for the purposes of fully meeting the academic requirement for registration as an Incorporated Engineer and partly meeting the academic requirement for registration as a Chartered Engineer.,http://www.engc.org.uk/education--skills/accreditation/information-for-students
051,Energy Institute (EI),05103,Accredited by the Energy Institute (EI) on behalf of the Engineering Council for the purposes of fully meeting the academic requirement for registration as an Incorporated Engineer.,http://www.engc.org.uk/education--skills/accreditation/information-for-students
171,EPAS (EFMD Programme Accreditation System),17101,Accredited by the EPAS (EFMD Programme Accreditation System).,http://www.efmd.org/accreditation-main/epas
053,Estyn,05301,Accredited by Estyn.,http://www.estyn.gov.uk/
054,European Association of Establishments for Veterinary Education (EAEVE),05401,Accredited by the European Association of Establishments for Veterinary Education (EAEVE).,http://www.eaeve.org/evaluation/establishments-status.html
145,European Herbal and Traditional Practitioners Association (EHTPA),14501,Accredited by the European Herbal and Traditional Practitioners Association (EHTPA) for the purpose of fully meeting educational requirements for Professional Association membership.,http://ehtpa.eu/standards/accreditation/index.html
055,EFMD Quality Improvement System,05501,Accredited by the EFMD Quality Improvement System.,http://www.efmd.org/index.php/accreditation-main/equis/equis-governance
056,Forensic Science Society (FSSoc),05601,Accredited by the Forensic Science Society (FSSoc).,http://www.forensic-science-society.org.uk/Accreditation
057,General Chiropractic Council (GCC),05701,Recognised by the General Chiropractic Council (GCC) for the purpose of eligibility for registration with that body.,http://www.gcc-uk.org/page.cfm?page_id=1775
058,General Dental Council (GDC),05801,Accredited by the General Dental Council (GDC) for the purpose of eligibility for registration with that body.,http://www.gdc-uk.org/Dentalprofessionals/Education/Pages/default.aspx
058,General Dental Council (GDC),05802,Found to be sufficient by the General Dental Council (GDC) for the purpose of eligibility for registration with that body,http://www.gdc-uk.org/Dentalprofessionals/Education/Pages/default.aspx
059,General Medical Council (GMC),05901,Accredited by the General Medical Council (GMC), this primary medical qualification entitles the holder to apply to the GMC for registration to practise medicine in the UK. ,http://www.gmc-uk.org/education/undergraduate/awarding_bodies.asp
060,General Optical Council (GOC),06001,Accredited by the General Optical Council (GOC).,http://www.optical.org/en/Education/Approving_courses/index.cfm
061,General Osteopathic Council (GOsC),06101,Approved by the General Osteopathic Council (GOC) for the purpose of eligibility to apply for registration with that body.,http://www.osteopathy.org.uk/practice/becoming-an-osteopath/training-courses/
062,General Pharmaceutical Council (GPhC),06201,Accredited by the General Pharmaceutical Council (GPhC) in order to progress to pharmacist pre-registration training and then to register as a pharmacist,http://www.pharmacyregulation.org/education/approval-courses
065,General Teaching Council for Northern Ireland (GTCNI),06501,Accredited by the General Teaching Council for Northern Ireland (GTCNI) for the purpose of registration with that body.,http://www.gtcni.org.uk//index.cfm/area/information/page/RegInformation
066,General Teaching Council for Scotland (GTCS),06601,Accredited by the General Teaching Council for Scotland (GTCS).,http://www.gtcs.org.uk/education-in-scotland/universities.aspx
068,Geological Society,06801,Accredited by the Geological Society for the purpose of partially meeting the experience requirement for Chartered Geologist.,http://www.geolsoc.org.uk/en/Education%20and%20Careers/Universities/Degree%20Accreditation
069,"Health and Care Professions Council, the (HCPC)",06901,Approved by the Health and Care Professions Council (HCPC) for the purpose of providing eligibility to apply for registration with the HCPC as an arts therapist.,http://www.hcpc-uk.org/education/programmes/
069,"Health and Care Professions Council, the (HCPC)",06902,Approved by the Health and Care Professions Council (HCPC) for the purpose of providing eligibility to apply for registration with the HCPC as a biomedical scientist.,http://www.hcpc-uk.org/education/programmes/
069,"Health and Care Professions Council, the (HCPC)",06903,Approved by the Health and Care Professions Council (HCPC) for the purpose of providing eligibility to apply for registration with the HCPC as a chiropodist/podiatrist.,http://www.hcpc-uk.org/education/programmes/
069,"Health and Care Professions Council, the (HCPC)",06904,Approved by the Health and Care Professions Council (HCPC) for the purpose of providing eligibility to apply for registration with the HCPC as a dietician.,http://www.hcpc-uk.org/education/programmes/
069,"Health and Care Professions Council, the (HCPC)",06905,Approved by the Health and Care Professions Council (HCPC) for the purpose of providing eligibility to apply for registration with the HCPC as a hearing aid dispenser.,http://www.hcpc-uk.org/education/programmes/
069,"Health and Care Professions Council, the (HCPC)",06906,Approved by the Health and Care Professions Council (HCPC) for the purpose of providing eligibility to apply for registration with the HCPC as an occupational therapist.,http://www.hcpc-uk.org/education/programmes/
069,"Health and Care Professions Council, the (HCPC)",06907,Approved by the Health and Care Professions Council (HCPC) for the purpose of providing eligibility to apply for registration with the HCPC as an operating department practitioner.,http://www.hcpc-uk.org/education/programmes/
069,"Health and Care Professions Council, the (HCPC)",06908,Approved by the Health and Care Professions Council (HCPC) for the purpose of providing eligibility to apply for registration with the HCPC as an orthoptist.,http://www.hcpc-uk.org/education/programmes/
069,"Health and Care Professions Council, the (HCPC)",06909,Approved by the Health and Care Professions Council (HCPC) for the purpose of providing eligibility to apply for registration with the HCPC as a paramedic.,http://www.hcpc-uk.org/education/programmes/
069,"Health and Care Professions Council, the (HCPC)",06910,Approved by the Health and Care Professions Council (HCPC) for the purpose of providing eligibility to apply for registration with the HCPC as a physiotherapist.,http://www.hcpc-uk.org/education/programmes/
069,"Health and Care Professions Council, the (HCPC)",06911,Approved by the Health and Care Professions Council (HCPC) for the purpose of providing eligibility to apply for registration with the HCPC as a practitioner psychologist.,http://www.hcpc-uk.org/education/programmes/
069,"Health and Care Professions Council, the (HCPC)",06912,Approved by the Health and Care Professions Council (HCPC) for the purpose of providing eligibility to apply for registration with the HCPC as a prosthetist/orthotist.,http://www.hcpc-uk.org/education/programmes/
069,"Health and Care Professions Council, the (HCPC)",06913,Approved by the Health and Care Professions Council (HCPC) for the purpose of providing eligibility to apply for registration with the HCPC as a radiographer.,http://www.hcpc-uk.org/education/programmes/
069,"Health and Care Professions Council, the (HCPC)",06914,Approved by the Health and Care Professions Council (HCPC) for the purpose of providing eligibility to apply for registration with the HCPC as a social worker in England.,http://www.hcpc-uk.org/education/programmes/
069,"Health and Care Professions Council, the (HCPC)",06915,Approved by the Health and Care Professions Council (HCPC) for the purpose of providing eligibility to apply for registration with the HCPC as a speech and language therapist.,http://www.hcpc-uk.org/education/programmes/
069,"Health and Care Professions Council, the (HCPC)",06916,Approved by the Health and Care Professions Council (HCPC) for the purpose of providing eligibility to apply for registration with the HCPC as a clinical scientist.,http://www.hcpc-uk.org/education/programmes/
071,Higher Education Academy (HEA),07101,Accredited by the Higher Education Academy (HEA) for the purpose of professional recognition.,http://www.heacademy.ac.uk/professional-recognition
072,Institute and Faculty of Actuaries,07201,Accredited by the Institute and Faculty of Actuaries for the purpose of exemption from some professional examinations.,http://www.actuaries.org.uk/becoming-actuary/pages/qualification-routes
172,Institute of Acoustics (IOA),17201,Accredited by the Institute of Acoustics (IOA) for the purpose of eligibility to apply for Associate membership.,http://www.ioa.org.uk/membership/application-process.asp
073,Institute of Biomedical Science (IBMS),07301,Accredited by the Institute of Biomedical Science (IBMS).,http://www.ibms.org/go/qualifications/ibms-courses/accreditation
156,"Institute of Brewing and Distilling, the (IBD)",15601,Accredited by the Institute of Brewing and Distilling (IBD).,https://www.ibd.org.uk/
074,Institute of Careers Guidance (ICG),07401,Awarded by the Institute of Career Guidance (ICG).,http://www.icg-uk.org/Home
075,Institute of Chartered Accountants in England and Wales (ICAEW),07501,Accredited by the Institute of Chartered Accountants England and Wales (ICAEW) for the purpose of exemption from some professional examinations.,http://www.icaew.com/en/qualifications-and-programmes/aca/aca-training-in-the-uk/exams/credit-for-prior-learning/apply-for-credits-academic-qualification
076,Institute of Chartered Accountants in Scotland (ICAS),07601,Accredited by the Institute of Chartered Accountants Scotland (ICAS) for the purpose of exemption from some professional examinations.,http://icas.org.uk/becomeaca/ICAS_Accredited_degrees/
077,Institute of Chartered Foresters (ICF),07701,Recognised by the Institute of Chartered Foresters (ICF).,http://www.charteredforesters.org/education-careers-and-cpd/universities-and-colleges/
078,Institute of Chartered Secretaries and Administrators (ICSA),07801,Accredited by the Institute of Chartered Secretaries and Administrators (ICSA) for the purpose of exemptions from some professional examinations.,http://www.icsaglobal.com/join-us/study-to-be-a-chartered-secretary/the-qualifying-scheme#.UJk4zLExp0o
146,Institute of Chartered Shipbrokers (ICS),14601,Accredited by the Institute of Chartered Shipbrokers (ICS).,http://www.ics.org.uk/learning/choosing-your-qualifications
147,Institute of Chemistry of Ireland,14701,Recognised by the Institute of Chemistry in Ireland for the purpose of eligibility to apply for Graduate Membership.,http://www.chemistryireland.org/html/categories.html
079,Institute of Environmental Management and Assessment (IEMA),07901,Accredited by the Institute of Environmental Management and Assessment (IEMA) for the purpose of eligibility to apply for associate membership following entry exams.,http://www.iema.net/associate-membership
157,"Institute of Ergonomics and Human Factors, the (IEHF)",15701,Accredited by the Institute of Ergonomics and Human Factors (IEHF).,http://www.ergonomics.org.uk/
148,Institute of Financial Accountants (IFA),14801,Recognised by the Institute of Financial Accountants (IFA) for the purpose of eligibility to register as a Professional Financial Accountant.,http://www.ifa.org.uk/students/new-students/routes-to-qualification/
173,Institute of Financial Planning (IFP),17301,Accredited by the Institute of Financial Planners (IFP).,http://www.financialplanning.org.uk/general-public
080,Institute of Food Science and Technology (IFST),08001,Accredited by the Institute of Food Science and Technology  (IFST) for the purpose of eligibility to apply for associate level membership.,http://www.ifst.org/members_networks/students/
081,Institute of Highway Engineers (IHE),08101,Accredited by the Institute of Highway Engineers (IHE) on behalf of the Engineering Council for the purposes of fully meeting the academic requirement for registration as a Chartered Engineer.,http://www.engc.org.uk/education--skills/accreditation/information-for-students
081,Institute of Highway Engineers (IHE),08102,Accredited by the Institute of Highway Engineers (IHE) on behalf of the Engineering Council for the purposes of fully meeting the academic requirement for registration as an Incorporated Engineer and partly meeting the academic requirement for registration as a Chartered Engineer.,http://www.engc.org.uk/education--skills/accreditation/information-for-students
081,Institute of Highway Engineers (IHE),08103,Accredited by the Institute of Highway Engineers (IHE) on behalf of the Engineering Council for the purposes of fully meeting the academic requirement for registration as an Incorporated Engineer.,http://www.engc.org.uk/education--skills/accreditation/information-for-students
082,Institute of Historic Building Conservation (IHBC),08201,Recognised by the Institute of Historic Building Conservation (IHBC) for the purpose of fully meeting the educational requirement for full membership.,http://www.ihbc.org.uk/ed_train/recognised_courses/index.html
083,Institute of Hospitality (IoH),08301,"Certified by the Institute of Hospitality (IoH) that academic, vocational and professional standards achieved are appropriate and programme content and delivery meet international IOH standards.",http://www.instituteofhospitality.org/accreditation/Accred/ioh_accreditation
174,Institute of Leadership and Management (ILM),17401,Accredited by the Institute of Leadership and Management (ILM).,https://www.i-l-m.com/default.aspx
084,"Institute of Marine Engineering, Science and Technology (IMarEST)",08401,"Accredited by the Institute of Marine Engineering, Science and Technology (IMarEST) for the purpose of partial registration as a Chartered Marine Technologist.",http://www.imarest.org/Membership/Accreditation.aspx
084,"Institute of Marine Engineering, Science and Technology (IMarEST)",08402,"Accredited by Institute of Marine Engineering, Science and Technology (IMarEST) on behalf of the Engineering Council for the purposes of fully meeting the academic requirement for registration as a Chartered Engineer.",http://www.engc.org.uk/education--skills/accreditation/information-for-students
084,"Institute of Marine Engineering, Science and Technology (IMarEST)",08403,"Accredited by Institute of Marine Engineering, Science and Technology (IMarEST) on behalf of the Engineering Council for the purposes of fully meeting the academic requirement for registration as an Incorporated Engineer and partly meeting the academic requirement for registration as a Chartered Engineer.",http://www.engc.org.uk/education--skills/accreditation/information-for-students
084,"Institute of Marine Engineering, Science and Technology (IMarEST)",08404,"Accredited by Institute of Marine Engineering, Science and Technology (IMarEST) on behalf of the Engineering Council for the purposes of fully meeting the academic requirement for registration as an Incorporated Engineer.",http://www.engc.org.uk/education--skills/accreditation/information-for-students
084,"Institute of Marine Engineering, Science and Technology (IMarEST)",08405,"Accredited by the Institute of Marine Engineering, Science and Technology (IMarEST) for the purpose of partially meeting the educational requirement for Incorporated Engineer and Marine Engineer Technician.",http://www.imarest.org/Membership/Accreditation.aspx
084,"Institute of Marine Engineering, Science and Technology (IMarEST)",08406,"Accredited by the Institute of Marine Engineering, Science and Technology (IMarEST) for the purpose of partially meeting the educational requirement for Chartered Scientist and Chartered Marine Scientist.",http://www.imarest.org/Membership/Accreditation.aspx
084,"Institute of Marine Engineering, Science and Technology (IMarEST)",08407,"Accredited by the Institute of Marine Engineering, Science and Technology (IMarEST) for the purpose of partially meeting the educational requirement for Chartered Scientist, Chartered Marine Scientist and Marine Technologist.",http://www.imarest.org/Membership/Accreditation.aspx
084,"Institute of Marine Engineering, Science and Technology (IMarEST)",08408,"Accredited by the Institute of Marine Engineering, Science and Technology (IMarEST) for the purpose of partially meeting the educational requirement for Marine Technologist.",http://www.imarest.org/Membership/Accreditation.aspx
084,"Institute of Marine Engineering, Science and Technology (IMarEST)",08409,"Accredited by the Institute of Marine Engineering, Science and Technology (IMarEST) for the purpose of partially meeting the educational requirement for Registered Marine Scientist and Registered Marine Technologist.",http://www.imarest.org/Membership/Accreditation.aspx
085,"Institute of Materials, Minerals and Mining (IOM3)",08501,"Accredited by the Institute of Materials, Minerals and Mining (IOM3) on behalf of the Engineering Council for the purposes of fully meeting the academic requirement for registration as a Chartered Engineer.",http://www.engc.org.uk/education--skills/accreditation/information-for-students
085,"Institute of Materials, Minerals and Mining (IOM3)",08502,"Accredited by the Institute of Materials, Minerals and Mining (IOM3) on behalf of the Engineering Council for the purposes of fully meeting the academic requirement for registration as an Incorporated Engineer and partly meeting the academic requirement for registration as a Chartered Engineer.",http://www.engc.org.uk/education--skills/accreditation/information-for-students
085,"Institute of Materials, Minerals and Mining (IOM3)",08503,"Accredited by the Institute of Materials, Minerals and Mining (IOM3) on behalf of the Engineering Council for the purposes of fully meeting the academic requirement for registration as an Incorporated Engineer.",http://www.engc.org.uk/education--skills/accreditation/information-for-students
086,Institute of Mathematics and its Applications (IMA),08601,Accredited by the Institute of Mathematics and its Applications (IMA) for the purpose of meeting in full the educational requirement for chartered status.,http://www.ima.org.uk/activities/education/university_degree_programme_accreditation.cfm
086,Institute of Mathematics and its Applications (IMA),08602,Accredited by the Institute of Mathematics and its Applications (IMA) for the purpose of meeting in part the educational requirement for chartered status.,http://www.ima.org.uk/activities/education/university_degree_programme_accreditation.cfm
087,Institute of Measurement and Control (InstMC),08701,Accredited by the Institute of Measurement and Control (InstMC) on behalf of the Engineering Council for the purposes of fully meeting the academic requirement for registration as a Chartered Engineer.,http://www.engc.org.uk/education--skills/accreditation/information-for-students
087,Institute of Measurement and Control (InstMC),08702,Accredited by the Institute of Measurement and Control (InstMC) on behalf of the Engineering Council for the purposes of fully meeting the academic requirement for registration as an Incorporated Engineer and partly meeting the academic requirement for registration as a Chartered Engineer.,http://www.engc.org.uk/education--skills/accreditation/information-for-students
087,Institute of Measurement and Control (InstMC),08703,Accredited by the Institute of Measurement and Control (InstMC) on behalf of the Engineering Council for the purposes of fully meeting the academic requirement for registration as an Incorporated Engineer.,http://www.engc.org.uk/education--skills/accreditation/information-for-students
175,Institute of Medical Illustrators (IMI),17501,Accredited by the Institute of Medical Illustrators (IMI) for the purpose of qualifying for full professional membership.,http://www.imi.org.uk/document/Accredited-university-courses
158,"Institute of Occupational Safety and Health, the (IOSH)",15801,Recognised by the Institute of Occupational Safety and Health (IOSH) for the purpose of eligibility to apply for graduate membership.,http://www.iosh.co.uk/membership/about_membership/membership_categories/choosing_a_qualification.aspx#UKwide
088,Institute of Physics & Engineering in Medicine (IPEM),08801,Accredited by the Institute of Physics & Engineering in Medicine (IPEM) on behalf of the Engineering Council for the purposes of fully meeting the academic requirement for registration as a Chartered Engineer.,http://www.engc.org.uk/education--skills/accreditation/information-for-students
088,Institute of Physics & Engineering in Medicine (IPEM),08802,Accredited by the Institute of Physics & Engineering in Medicine (IPEM) on behalf of the Engineering Council for the purposes of fully meeting the academic requirement for registration as an Incorporated Engineer and partly meeting the academic requirement for registration as a Chartered Engineer.,http://www.engc.org.uk/education--skills/accreditation/information-for-students
088,Institute of Physics & Engineering in Medicine (IPEM),08803,Accredited by the Institute of Physics & Engineering in Medicine (IPEM) on behalf of the Engineering Council for the purposes of fully meeting the academic requirement for registration as an Incorporated Engineer.,http://www.engc.org.uk/education--skills/accreditation/information-for-students
089,Institute of Physics (IOP),08901,Accredited by the Institute of Physics (IOP) for the purpose of fully meeting the educational requirement for Chartered Physicist.,http://www.iop.org/education/higher_education/accreditation/page_43310.html
089,Institute of Physics (IOP),08902,Accredited by the Institute of Physics (IOP) for the purpose of partially meeting the educational requirement for Chartered Physicist.,http://www.iop.org/education/higher_education/accreditation/page_43310.html
089,Institute of Physics (IOP),08903,Recognised by the Institute of Physics (IOP) for the purpose of eligibility for Associate Membership.,http://www.iop.org/education/higher_education/recognition/page_43321.html
176,"Institute of Risk Management, the (IRM)",17601,Accredited by the Institute of Risk Management (IRM) for the purpose of exemptions from the International Diploma in Risk Management.,http://www.theirm.org/courses/COaccreditation.html
159,"Institute of Translation and Interpreting, the (ITI)",15901,Accredited by the Institute of Translation and Interpreting (ITI).,http://www.iti.org.uk/become-a-member/requirements
149,Institute of Travel and Tourism (ITT),14901,Recognised by the Institute of Travel and Tourism (ITT).,http://www.itt.co.uk/careers/recognised_university.php
091,Institution of Agricultural Engineers (IAgrE),09101,Accredited by the Institution of Agricultural Engineers (IAgrE) on behalf of the Engineering Council for the purposes of fully meeting the academic requirement for registration as a Chartered Engineer,http://www.engc.org.uk/education--skills/accreditation/information-for-students
091,Institution of Agricultural Engineers (IAgrE),09102,Accredited by the Institution of Agricultural Engineers (IAgrE) on behalf of the Engineering Council for the purposes of fully meeting the academic requirement for registration as an Incorporated Engineer and partly meeting the academic requirement for registration as a Chartered Engineer.,http://www.engc.org.uk/education--skills/accreditation/information-for-students
091,Institution of Agricultural Engineers (IAgrE),09103,Accredited by the Institution of Agricultural Engineers (IAgrE) on behalf of the Engineering Council for the purposes of fully meeting the academic requirement for registration as an Incorporated Engineer.,http://www.engc.org.uk/education--skills/accreditation/information-for-students
092,Institution of Chemical Engineers (IChemE),09201,Accredited by the Institution of Chemical Engineers (IChemE) for the purpose of fully meeting the educational requirement for Chartered Chemical Engineer.,http://www.icheme.org/membership/member.aspx
092,Institution of Chemical Engineers (IChemE),09202,Accredited by the Institution of Chemical Engineers (IChemE) on behalf of the Engineering Council for the purposes of fully meeting the academic requirement for registration as a Chartered Engineer,http://www.engc.org.uk/education--skills/accreditation/information-for-students
092,Institution of Chemical Engineers (IChemE),09203,Accredited by the Institution of Chemical Engineers (IChemE) on behalf of the Engineering Council for the purposes of fully meeting the academic requirement for registration as an Incorporated Engineer and partly meeting the academic requirement for registration as a Chartered Engineer.,http://www.engc.org.uk/education--skills/accreditation/information-for-students
092,Institution of Chemical Engineers (IChemE),09204,Accredited by  the Institution of Chemical Engineers (IChemE) on behalf of the Engineering Council for the purposes of fully meeting the academic requirement for registration as an Incorporated Engineer.,http://www.engc.org.uk/education--skills/accreditation/information-for-students
092,Institution of Chemical Engineers (IChemE),09205,Accredited by the Institution of Chemical Engineers (IChemE) for the purpose of fully meeting the academic requirement for registration as a technician. ,http://www.icheme.org/membership/technician.aspx
093,Institution of Civil Engineers (ICE),09301,Accredited by the Institution of Civil Engineers (ICE) on behalf of the Engineering Council for the purposes of fully meeting the academic requirement for registration as a Chartered Engineer.,http://www.engc.org.uk/education--skills/accreditation/information-for-students
093,Institution of Civil Engineers (ICE),09302,Accredited by Institution of Civil Engineers (ICE) on behalf of the Engineering Council for the purposes of fully meeting the academic requirement for registration as an Incorporated Engineer and partly meeting the academic requirement for registration as a Chartered Engineer.,http://www.engc.org.uk/education--skills/accreditation/information-for-students
093,Institution of Civil Engineers (ICE),09303,Accredited by the Institution of Civil Engineers (ICE) on behalf of the Engineering Council for the purposes of fully meeting the academic requirement for registration as an Incorporated Engineer.,http://www.engc.org.uk/education--skills/accreditation/information-for-students
094,Institution of Engineering and Technology (IET),09401,Accredited by the Institution of Engineering and Technology on behalf of the Engineering Council for the purposes of fully meeting the academic requirement for registration as Chartered Engineer.,http://www.engc.org.uk/education--skills/accreditation/information-for-students
094,Institution of Engineering and Technology (IET),09402,Accredited by the Institution of Engineering and Technology (IET) on behalf of the Engineering Council for the purposes of fully meeting the academic requirement for registration as an Incorporated Engineer and partly meeting the academic requirement for registration as a Chartered Engineer.,http://www.engc.org.uk/education--skills/accreditation/information-for-students
094,Institution of Engineering and Technology (IET),09403,Accredited by the Institution of Engineering and Technology (IET) on behalf of the Engineering Council for the purposes of fully meeting the academic requirement for registration as an Incorporated Engineer.,http://www.engc.org.uk/education--skills/accreditation/information-for-students
094,Institution of Engineering and Technology (IET),09404,Accredited by the Institution of Engineering and Technology (IET) on behalf of the Engineering Council for the purposes of partly meeting the academic requirement for registration as a Incorporated Engineer.,http://www.engc.org.uk/education--skills/accreditation/information-for-students
095,Institution of Engineering Designers (IED),09501,Accredited by the Institution of Engineering Designers (IED) on behalf of the Engineering Council for the purposes of fully meeting the academic requirement for registration as a Chartered Engineer.,http://www.engc.org.uk/education--skills/accreditation/information-for-students
095,Institution of Engineering Designers (IED),09502,Accredited by the Institution of Engineering Designers (IED) on behalf of the Engineering Council for the purposes of fully meeting the academic requirement for registration as an Incorporated Engineer and partly meeting the academic requirement for registration as a Chartered Engineer.,http://www.engc.org.uk/education--skills/accreditation/information-for-students
095,Institution of Engineering Designers (IED),09503,Accredited by the Institution of Engineering Designers (IED) on behalf of the Engineering Council for the purposes of fully meeting the academic requirement for registration as an Incorporated Engineer.,http://www.engc.org.uk/education--skills/accreditation/information-for-students
095,Institution of Engineering Designers (IED),09504,Accredited by the Institution of Engineering Designers (IED) for the purposes of meeting the academic requirement for registration as a Member of the Institution of Engineering Designers.,http://www.ied.org.uk/courses
096,Institution of Environmental Sciences (IES),09601,Accredited by the Institution of Environmental Sciences (IES) for the purpose of eligibility to apply for associate membership.,http://www.ies-uk.org.uk/accreditation
097,Institution of Fire Engineers (IFE),09701,Accredited by the Institution of Fire Engineers (IFE) for the purpose of fully meeting the educational requirements for IFE membership.,http://www.ife.org.uk/membership/
097,Institution of Fire Engineers (IFE),09702,Accredited by the Institution of Fire Engineers (IFE) on behalf of the Engineering Council for the purposes of fully meeting the academic requirement for registration as a Chartered Engineer.,http://www.engc.org.uk/education--skills/accreditation/information-for-students
097,Institution of Fire Engineers (IFE),09703,Accredited by the Institution of Fire Engineers (IFE) on behalf of the Engineering Council for the purposes of fully meeting the academic requirement for registration as an Incorporated Engineer and partly meeting the academic requirement for registration as a Chartered Engineer.,http://www.engc.org.uk/education--skills/accreditation/information-for-students
097,Institution of Fire Engineers (IFE),09704,Accredited by  the Institution of Fire Engineers (IFE) on behalf of the Engineering Council for the purposes of fully meeting the academic requirement for registration as an Incorporated Engineer.,http://www.engc.org.uk/education--skills/accreditation/information-for-students
098,Institution of Gas Engineers and Managers (IGEM),09801,Accredited by the Institution of Gas Engineers and Managers (IGEM) on behalf of the Engineering Council for the purposes of fully meeting the academic requirement for registration as a Chartered Engineer.,http://www.engc.org.uk/education--skills/accreditation/information-for-students
098,Institution of Gas Engineers and Managers (IGEM),09802,Accredited by the Institution of Gas Engineers and Managers (IGEM) on behalf of the Engineering Council for the purposes of fully meeting the academic requirement for registration as an Incorporated Engineer and partly meeting the academic requirement for registration as a Chartered Engineer.,http://www.engc.org.uk/education--skills/accreditation/information-for-students
098,Institution of Gas Engineers and Managers (IGEM),09803,Accredited by the Institution of Gas Engineers and Managers (IGEM) on behalf of the Engineering Council for the purposes of fully meeting the academic requirement for registration as an Incorporated Engineer.,http://www.engc.org.uk/education--skills/accreditation/information-for-students
099,Institution of Mechanical Engineers (IMechE),09901,Accredited by the Institution of Mechanical Engineers (IMechE) on behalf of the Engineering Council for the purposes of fully meeting the academic requirement for registration as a Chartered Engineer.,http://www.engc.org.uk/education--skills/accreditation/information-for-students
099,Institution of Mechanical Engineers (IMechE),09902,Accredited by the Institution of Mechanical Engineers (IMechE) on behalf of the Engineering Council for the purposes of fully meeting the academic requirement for registration as an Incorporated Engineer and partly meeting the academic requirement for registration as a Chartered Engineer.,http://www.engc.org.uk/education--skills/accreditation/information-for-students
099,Institution of Mechanical Engineers (IMechE),09903,Accredited by the Institution of Mechanical Engineers (IMechE) on behalf of the Engineering Council for the purposes of fully meeting the academic requirement for registration as an Incorporated Engineer.,http://www.engc.org.uk/education--skills/accreditation/information-for-students
099,Institution of Mechanical Engineers (IMechE),09904,Accredited by the Institution of Mechanical Engineers (IMechE) on behalf of the Engineering Council for the purposes of partly meeting the academic requirement for an Incorporated Engineer.,http://www.engc.org.uk/education--skills/accreditation/information-for-students
099,Institution of Mechanical Engineers (IMechE),09905,The IMechE recognises this qualification as an acceptable route to meeting the Further Learning requirements for Chartered Engineer (CEng) registration.,http://www.engc.org.uk/education--skills/accreditation/information-for-students
100,Institution of Structural Engineers (IStructE),10001,Accredited by the Institution of Structural Engineers (IStructE) on behalf of the Engineering Council for the purposes of fully meeting the academic requirement for registration as a Chartered Engineer.,http://www.engc.org.uk/education--skills/accreditation/information-for-students
100,Institution of Structural Engineers (IStructE),10002,Accredited by the Institution of Structural Engineers (IStructE) on behalf of the Engineering Council for the purposes of fully meeting the academic requirement for registration as an Incorporated Engineer and partly meeting the academic requirement for registration as a Chartered Engineer.,http://www.engc.org.uk/education--skills/accreditation/information-for-students
100,Institution of Structural Engineers (IStructE),10003,Accredited by the Institution of Structural Engineers (IStructE) on behalf of the Engineering Council for the purposes of fully meeting the academic requirement for registration as an Incorporated Engineer.,http://www.engc.org.uk/education--skills/accreditation/information-for-students
101,Joint Audio Media Education Services (JAMES),10101,"Accredited by Joint Audio Media Education Services (JAMES) on behalf of Audio, Music, Recording, Music Production, Media and Audio Post Production Industries.",http://www.jamesonline.org.uk/heaccred.html
102,Landscape Institute (LI),10201,Accredited by the Landscape Institute (LI) as meeting all or part of the requirements for Licentiate Membership. ,http://www.iwanttobealandscapearchitect.com
104,Law Society of Northern Ireland (LSNI) ,10401,Recognised by the Law Society of Northern Ireland (LSNI) for the purpose of a Qualifying Law Degree.,http://www.lawsoc-ni.org/joining-the-legal-profession/
105,Law Society of Scotland,10501,"Recognised by the Law Society of Scotland as a Foundation programme, being one part of the route to qualification as a solicitor in Scotland.",http://www.lawscot.org.uk/education-and-careers/studying-law/considering-studying-law
150,Maritime and Coastguard Agency (MCA),15001,Recognised by the Maritime and Coastguard Agency (MCA) for the purpose of Deck Officer Certification.,http://www.dft.gov.uk/mca/mcga07-home/workingatsea/mcga-trainingandcert.htm
150,Maritime and Coastguard Agency (MCA),15002,Recognised by Maritime and Coastguard Agency (MCA) for the purposes of Cadet Training.,http://www.dft.gov.uk/mca/mcga07-home/workingatsea/mcga-trainingandcert.htm
150,Maritime and Coastguard Agency (MCA),15003,Recognised by Maritime and Coastguard Agency (MCA) for the purposes of Chief Mate CoC.,http://www.dft.gov.uk/mca/mcga07-home/workingatsea/mcga-trainingandcert.htm
151,Merchant Navy Training Board (MNTB),15101,Accredited by the Merchant Navy Training Board (MNTB).,http://www.mntb.org.uk/en-GB/Nautical-Colleges--Universities
177,National Association of Veterinary Physiotherapists (NAVP),17701,Accredited by the National Association of Veterinary Physiotherapists (NAVP).,http://www.navp.co.uk/
139,National College for Teaching and Leadership (NCTL),13901,Accredited by the National College for Teaching and Leadership (NCTL) for the purpose of Qualified Teacher Status (QTS).,http://www.education.gov.uk/get-into-teaching/teacher-training-options/university-based-training/undergraduate-itt.aspx
108,ACc,10801,Accredited by the National Council for the Training of Journalists (NCTJ).,http://www.nctj.com/want-to-be-a-journalist/Accreditedcourses
178,"National Register of Communication Professionals working with Deaf and Deafblind people, the (NRCPD)",17801,Accredited by the National Registers of Communication Professionals working with Deaf and Deafblind People (NRCPD) for the purpose of  fulfilling the educational requirements to become a Registered Sign Language Interpreter.,http://www.nrcpd.org.uk/page.php?content=59
178,"National Register of Communication Professionals working with Deaf and Deafblind people, the (NRCPD)",17802,Accredited by the National Registers of Communication Professionals working with Deaf and Deafblind People (NRCPD) for the purpose of partially fulfilling the educational requirements to become a Trainee Sign Language Interpreter.,http://www.nrcpd.org.uk/page.php?content=65
109,National Youth Agency (NYA),10901,Accredited by the National Youth Agency (NYA).,http://www.nya.org.uk/
179,North/South Education and Training Standards Committee for Youth Work (NSETS),17901,Endorsed by the North/South Education and Training Standards Committee for Youth Work (NSETS) (JNC Recognised) for the purpose of professional qualification.,http://www.ycni.org/youth_work_training/ns_educ_trg.html 
110,Northern Ireland Social Care Council (NISCC),11001,Accredited by the Northern Ireland Social Care Council (NISCC).,http://www.niscc.info/
111,Nursing and Midwifery Council (NMC),11102,Recognised by the Nursing and Midwifery Council (NMC) for the purpose of registration as a qualified nurse (adult),http://www.nmc-uk.org/Approved-Programmes/
111,Nursing and Midwifery Council (NMC),11103,Recognised by the Nursing and Midwifery Council (NMC) for the purpose of registration as a qualified nurse (mental health),http://www.nmc-uk.org/Approved-Programmes/
111,Nursing and Midwifery Council (NMC),11104,Recognised by the Nursing and Midwifery Council (NMC) for the purpose of registration as a qualified nurse (learning disabilities),http://www.nmc-uk.org/Approved-Programmes/
111,Nursing and Midwifery Council (NMC),11105,Recognised by the Nursing and Midwifery Council (NMC) for the purpose of registration as a qualified nurse (child),http://www.nmc-uk.org/Approved-Programmes/
111,Nursing and Midwifery Council (NMC),11106,Recognised by the Nursing and Midwifery Council (NMC) for the purpose of registration as a qualified midwife,http://www.nmc-uk.org/Approved-Programmes/
112,Nutrition Society (NS),11201,Accredited by the Nutrition Society (NS).,http://www.nutritionsociety.org/
114,Periodicals Training Council (PTC),11401,Accredited by the Periodicals Training Council (PTC).,http://staging.ppa.co.uk/jobs-careers-and-training/ptc-Accredited-journalism-courses/
115,Pharmaceutical Society of Northern Ireland (PSNI),11501,Accredited by the Pharmaceutical Society of Northern Ireland (PSNI) for the purpose of registration with that body.,http://www.psni.org.uk/education-2/
181,"Registration Council for Clinical Physiotherapists, the (RCCP)",18101,Recognised by the Registration Council for Clinical Physiologists (RCCP).,http://www.rccp.co.uk/
116,Royal Aeronautical Society (RAeS),11601,Accredited by the Royal Aeronautical Society (RAeS) on behalf of the Engineering Council for the purposes of fully meeting the academic requirement for registration as a Chartered Engineer.,http://www.engc.org.uk/education--skills/accreditation/information-for-students
116,Royal Aeronautical Society (RAeS),11602,Accredited by the Royal Aeronautical Society (RAeS) on behalf of the Engineering Council for the purposes of fully meeting the academic requirement for registration as an Incorporated Engineer and partly meeting the academic requirement for registration as a Chartered Engineer.,http://www.engc.org.uk/education--skills/accreditation/information-for-students
116,Royal Aeronautical Society (RAeS),11603,Accredited by the Royal Aeronautical Society (RAeS) on behalf of the Engineering Council for the purposes of fully meeting the academic requirement for registration as an Incorporated Engineer.,http://www.engc.org.uk/education--skills/accreditation/information-for-students
117,Royal College of Obstetricians and Gynaecologists (RCOG),11701,Accredited by the Royal College of Obstetricians and Gynaecologists (RCOG).,http://www.rcog.org.uk/
118,Royal College of Psychiatrists (RC PSYCH),11801,Accredited by the Royal College of Psychiatrists (RC PSYCH).,http://www.rcpsych.ac.uk/
119,Royal College of Speech and Language Therapists (RCSLT),11901,Recognised by the Royal College of Speech and Language Therapists (RCSLT) for the purpose of applying for newly qualified practitioner membership.,http://www.rcslt.org/about/membership/how_to_join
120,Royal College of Veterinary Surgeons (RCVS),12001,Accredited by the Royal College of Veterinary Surgeons (RCVS) for the purpose of eligibility for registration with that body.,http://www.rcvs.org.uk/registration/how-to-register/graduates-from-uk-veterinary-schools/
121,Royal Institute of British Architects (RIBA),12101,Accredited by the Royal Institute of British Architects (RIBA).,http://www.architecture.com/
121,Royal Institute of British Architects (RIBA),12102,Accredited by the Royal Institute of British Architects (RIBA) for the purpose of part 1 exemption for entry onto the UK Register of Architects.,http://www.architecture.com/EducationAndCareers/BecomingAnArchitect/Becominganarchitect.aspx
121,Royal Institute of British Architects (RIBA),12103,Accredited by the Royal Institute of British Architects (RIBA) for the purpose of part 2 exemption for entry onto the UK Register of Architects.,http://www.architecture.com/EducationAndCareers/BecomingAnArchitect/Becominganarchitect.aspx
122,Royal Institution of Chartered Surveyors (RICS) ,12201,Accredited by the Royal Institution of Chartered Surveyors (RICS) for the purpose of graduate membership.,http://www.ricscourses.org/Pages/institutions-by-region-search.aspx?ID=WorldwideSearch
123,Royal Institution of Naval Architects (RINA) ,12301,Accredited by the Royal Institution of Naval Architects (RINA) on behalf of the Engineering Council for the purposes of fully meeting the academic requirement for registration as a Chartered Engineer.,http://www.engc.org.uk/education--skills/accreditation/information-for-students
123,Royal Institution of Naval Architects (RINA) ,12302,Accredited by the Royal Institution of Naval Architects (RINA) on behalf of the Engineering Council for the purposes of fully meeting the academic requirement for registration as an Incorporated Engineer and partly meeting the academic requirement for registration as a Chartered Engineer.,http://www.engc.org.uk/education--skills/accreditation/information-for-students
123,Royal Institution of Naval Architects (RINA) ,12303,Accredited by the Royal Institution of Naval Architects (RINA) on behalf of the Engineering Council for the purposes of fully meeting the academic requirement for registration as an Incorporated Engineer.,http://www.engc.org.uk/education--skills/accreditation/information-for-students
124,Royal Meteorological Society (RMetS),12401,Accredited by the Royal Meteorological Society (RMetS) for the purpose of fully meeting the educational requirement for Chartered Meteorologist.,http://www.rmets.org/our-activities/careers/courses
126,Royal Society of Chemistry (RSC),12601,Accredited by the Royal Society of Chemistry (RSC) for the purpose of fully meeting the educational requirement for Chartered Chemist.,http://www.rsc.org/Education/courses-and-careers/Accredited-courses/
126,Royal Society of Chemistry (RSC),12602,Accredited by the Royal Society of Chemistry (RSC) for the purpose of partially meeting the educational requirement for Chartered Chemist.,http://www.rsc.org/Education/courses-and-careers/Accredited-courses/
127,Royal Statistical Society (RSS),12701,Accredited by the Royal Statistical Society (RSS) for the purpose of eligibility for Graduate Statistician status.,http://www.rss.org.uk/site/cms/contentCategoryView.asp?category=292
128,Royal Town Planning Institute (RTPI),12801,Accredited by the Royal Town Planning Institute (RTPI).,http://www.rtpi.org.uk/education-and-careers/planning-as-a-career/
128,Royal Town Planning Institute (RTPI),12802,Accredited by the Royal Town Planning Institute (RTPI) for the purpose of fully meeting the educational requirements for Chartered Membership.,http://www.rtpi.org.uk/education-and-careers/information-for-universities/Accredited-qualifications/
130,Scottish Social Services Council (SSSC),13001,Accredited by the Scottish Social Services Council (SSSC) for the purpose of fully meeting the educational requirements for registration with this body.,http://www.sssc.uk.com/sssc/applying-for-registration/qualifications.html
153,SkillsActive,15301,Endorsed by SkillsActive.,http://www.skillsactive.com/training-and-qualifications/qualification-information/item/3250/3250
132,Society and College of Radiographers (SCoR),13201,Approved by the Society and College of Radiographers (SCoR).,http://www.sor.org/learning/education-accreditation
134,Society of Biology,13401,Recognised by the Society of Biology for the purpose of Associate membership.,http://www.societyofbiology.org/education/hei/recognition
134,Society of Biology,13402,Accredited by the Society of Biology for the purpose of meeting in part the academic and experience requirement for Membership and Chartered Biologist (CBiol).,http://www.societyofbiology.org/education/hei/accreditation
160,"Society of Fire Protection Engineers, the (SFPE)",16001,Accredited by the Society of Fire Protection Engineers for the purpose of eligibility to apply for Professional Membership.,http://www.sfpe.org/GetInvolved/Membership/ListingofProfessionalMembers.aspx
160,"Society of Fire Protection Engineers, the (SFPE)",16002,Accredited by the Society of Fire Protection Engineers (SFPE) for the purpose of partially fulfilling the requirements for Professional Membership.,http://www.sfpe.org/GetInvolved/Membership/ListingofProfessionalMembers.aspx
161,"Society of Sports Therapists, the",16101,Accredited by the Society of Sports Therapists.,http://www.society-of-sports-therapists.org
136,Solicitors Regulation Authority (SRA),13601,Accredited by the Solicitors Regulation Authority (SRA) for the purpose of a qualifying law degree.,http://www.sra.org.uk/students/courses/qualifying-law-degree-providers.page
137,Standards Council for Scotland,13701,Approved by the Standards Council for Scotland.,http://www.cldstandardscouncil.org.uk/Approval_of_training/Approved_training_programmes
183,"Textile Institute, the",18301,Accredited by the Textile Institute.,http://www.textileinstitute.org/accreditation.asp
162,"Trading Standards Institute (TSI), the",16201,Accredited by the Trading Standards Institute (TSI) for the purpose of exemptions from some professional examinations.,http://www.tradingstandards.gov.uk/
184,Tourism Management Institute (TMI),18401,"Accredited by the Tourism Management Institute (TMI), the professional association for the destination management sector.",http://www.tmi.org.uk/
,,,,
,,,,
,,,,
